No,Date/Time,Date/time end,Altitude [m],Size fraction,Mass v [µg/m**3],Na+ [µg/m**3],[NH4]+ [µg/m**3],K+ [µg/m**3],Mg2+ [µg/m**3],Ca2+ [µg/m**3],Cl- [µg/m**3],[NO3]- [µg/m**3],[SO4]2- [µg/m**3],[C2O4]2- [µg/m**3],Br- [µg/m**3],C org [µg/m**3],EC [µg/m**3],TC [µg/m**3],Ca [ng/m**3],Ti [ng/m**3],V [ng/m**3],Cr [ng/m**3],Mn [ng/m**3],Fe [ng/m**3],Ni [ng/m**3],Cu [ng/m**3],Zn [ng/m**3],Pb [ng/m**3],As [ng/m**3],Se [ng/m**3],Sr [ng/m**3],Rb [ng/m**3],Ba [ng/m**3],La [ng/m**3],Ce [ng/m**3]
821,2011-01-11T14:48:00,2011-01-14T11:28,42,0.05 - 0.14 µm,0.477,-0.0004,0.0083,<0.0006,0.0007,0.0028,0.0028,0.0027,0.0326,0.001,<0.0002,0.02,<0.010,0.028,2.69,0.22,0.068,<0.0336,0.05,2.8,0.03,0.08,0.38,0.023,0.005,0.001,0.03,<0.0048,<0.0048,<0.0036,0.01
822,2011-01-11T14:48:00,2011-01-14T11:28,42,0.14 - 0.42 µm,1.617,0.0094,0.0892,0.0044,0.005,0.0172,0.0071,0.0044,0.3028,0.0055,0.0006,0.034,0.013,0.046,7.48,0.68,0.382,<0.0336,0.27,10.3,0.15,0.23,0.6,0.213,0.041,0.013,0.13,0.012,0.22,0.06,0.03
823,2011-01-11T14:48:00,2011-01-14T11:28,42,0.42 - 1.2 µm,6.705,0.1471,0.013,0.0128,0.0164,0.0504,0.1712,0.0782,0.2595,0.0027,<0.0002,0.046,0.032,0.078,22.99,1.95,0.091,0.06,0.74,27.79,0.03,0.29,0.62,0.249,0.036,0.016,0.41,0.034,0.59,<0.0036,0.08
824,2011-01-11T14:48:00,2011-01-14T11:28,42,1.2 - 3.5 µm,40.365,1.2907,0.014,0.0629,0.0765,0.4156,2.0351,0.5446,0.5627,0.0139,0.0005,0.189,0.044,0.233,287.62,35.26,1.011,0.71,10.88,535.84,0.42,0.4,1.18,0.948,<0.003,0.082,6.45,1.294,5.9,4.05,1.02
825,2011-01-11T14:48:00,2011-01-14T11:28,42,3.5 - 10 µm,32.766,1.8802,0.0111,0.0736,0.084,0.5087,3.2168,0.2394,0.7004,0.0086,0.0007,0.268,0.047,0.315,284.65,52.42,0.785,0.9,8.94,556.6,0.41,0.43,1.03,0.983,<0.003,,5.37,1.299,7.31,4.4,1.08
1106,2011-01-14T11:56:00,2011-01-17T11:20,42,0.05 - 0.14 µm,0.334,0.0044,0.0082,<0.0006,0.001,0.0144,0.0061,0.0027,0.0232,<0.0002,<0.0002,0.035,0.014,0.049,2.78,0.16,0.046,0.05,0.02,1.96,0.02,<0.048,0.42,0.023,0.004,0.001,0.02,<0.0048,<0.0048,<0.0036,<0.006
1107,2011-01-14T11:56:00,2011-01-17T11:20,42,0.14 - 0.42 µm,1.049,0.0079,0.0632,0.0029,0.0021,0.0179,0.0043,0.0035,0.1919,0.0011,<0.0002,0.053,0.021,0.075,5.58,0.25,0.259,<0.0336,0.12,4.52,0.1,<0.048,0.45,0.106,0.014,0.012,0.08,0.005,0.15,0.01,0.01
1108,2011-01-14T11:56:00,2011-01-17T11:20,42,0.42 - 1.2 µm,3,0.1029,0.0037,0.0068,0.0144,0.0603,0.1315,0.0609,0.1444,0.0022,0.0002,0.048,0.023,0.071,35.82,1.07,0.097,0.05,0.68,24.17,0.04,<0.048,0.45,0.182,0.031,0.04,0.56,0.029,0.62,<0.0036,0.08
1109,2011-01-14T11:56:00,2011-01-17T11:20,42,1.2 - 3.5 µm,17.165,0.996,0.0027,0.0465,0.067,0.361,1.664,0.4121,0.4659,0.0141,0.0003,0.162,0.012,0.175,307.55,25.11,0.648,0.58,5.88,338.83,0.26,0.24,0.76,0.417,<0.003,0.084,4.79,0.588,4.73,1.25,0.77
1110,2011-01-14T11:56:00,2011-01-17T11:20,42,3.5 - 10 µm,12.661,1.1258,0.0028,0.0467,0.0568,0.2821,2.0507,0.1742,0.3627,0.0028,0.0007,0.162,0.006,0.169,158.4,13.5,0.262,0.28,2.27,155.59,0.12,0.11,0.34,0.174,<0.003,0.005,2.3,0.325,2.16,0.67,0.37
1121,2011-01-17T11:55:00,2011-01-18T11:00,42,0.05 - 0.14 µm,0.379,0.0098,0.0086,<0.0006,0.0044,0.0518,0.0155,0.0055,0.0181,<0.0002,<0.0002,0.088,0.021,0.109,5.95,0.13,0.079,0.1,0.02,1.9,0.04,0.05,1.01,0.026,0.006,<0.001,0.04,<0.0048,0.05,<0.0036,0.01
1122,2011-01-17T11:55:00,2011-01-18T11:00,42,0.14 - 0.42 µm,1.237,0.0176,0.043,0.0007,0.0025,0.0372,0.0212,0.0064,0.1378,<0.0002,<0.0002,0.06,0.018,0.078,10.84,0.33,0.313,0.05,0.17,5.67,0.14,0.07,1.2,0.082,<0.003,0.008,0.1,0.009,<0.0048,<0.0036,<0.006
1123,2011-01-17T11:55:00,2011-01-18T11:00,42,0.42 - 1.2 µm,10.932,0.5735,0.0229,0.0378,0.0578,0.2767,0.9354,0.3426,0.3421,0.0063,0.0004,0.083,<0.010,0.083,63.02,7.19,0.173,0.25,2.22,90.12,0.09,0.11,1.22,0.106,0.026,0.045,1.13,0.122,1.87,0.33,0.32
1124,2011-01-17T11:55:00,2011-01-18T11:00,42,1.2 - 3.5 µm,61.197,1.561,0.0304,0.0978,0.1339,0.7338,2.675,0.8729,0.9051,0.016,0.0006,0.47,0.152,0.621,751.31,54.64,1.361,1.39,21.99,738.67,0.53,0.56,1.78,0.941,<0.003,0.114,11.57,1.352,13.71,2.75,3
1125,2011-01-17T11:55:00,2011-01-18T11:00,42,3.5 - 10 µm,47.047,1.693,0.0181,0.0924,0.1288,0.648,3.0081,0.3765,0.7442,0.0114,0.0008,0.496,0.196,0.693,481.91,120.36,1.278,2.16,17.79,1092.46,0.84,0.73,2.07,1.565,<0.003,<0.001,8.39,2.47,19.02,7.62,2.91
1126,2011-01-18T11:35:00,2011-01-19T11:05,42,0.05 - 0.14 µm,1.142,0.0054,0.0066,<0.0006,0.0028,0.0434,0.0123,0.0094,0.0227,<0.0002,<0.0002,0.113,0.064,0.177,10.23,2.27,0.093,0.25,0.25,21.42,0.04,0.12,1.08,0.032,0.019,<0.001,0.14,0.024,0.24,0.04,0.07
1127,2011-01-18T11:35:00,2011-01-19T11:05,42,0.14 - 0.42 µm,2.815,0.0118,0.0433,0.0051,0.0044,0.0411,0.0152,0.0138,0.1489,<0.0002,<0.0002,0.099,0.043,0.142,10.85,1.41,0.165,0.08,0.24,14.49,0.07,0.08,1.15,0.034,0.006,0.002,0.12,0.027,0.21,<0.0036,0.03
1128,2011-01-18T11:35:00,2011-01-19T11:05,42,0.42 - 1.2 µm,9.083,0.0698,0.0155,0.0051,0.0116,0.0727,0.0979,0.0993,0.119,0.0011,0.0002,0.07,0.09,0.161,50.28,8.28,0.123,0.18,1.86,91.66,0.09,0.12,1.21,0.07,0.027,0.015,0.86,0.131,1.9,0.33,0.24
1129,2011-01-18T11:35:00,2011-01-19T11:05,42,1.2 - 3.5 µm,70.219,0.8657,0.0503,0.0826,0.0843,0.6135,1.4725,0.8724,0.4877,0.0072,0.0003,0.301,0.083,0.384,445.75,43.21,0.893,1.25,16.42,567.38,0.42,0.43,1.55,0.607,,0.031,7,1.083,12,3.19,2.21
1130,2011-01-18T11:35:00,2011-01-19T11:05,42,3.5 - 10 µm,42.931,0.83,0.0249,0.0571,0.0772,0.419,1.5161,0.3533,0.3641,0.0058,0.0004,0.37,0.035,0.405,312.35,64.31,0.773,1.06,10.62,625.94,0.49,0.46,1.36,0.663,,<0.001,4.91,1.266,10.77,4.2,1.72
1131,2011-01-19T11:35:00,2011-01-20T11:05,42,0.05 - 0.14 µm,0.404,0.0043,0.0066,<0.0006,0.0015,0.0331,0.0153,0.0063,0.0223,<0.0002,<0.0002,0.081,<0.010,0.081,7.22,0.61,<0.0036,0.09,0.04,6.54,<0.0144,<0.048,0.99,0.033,0.002,<0.001,0.08,<0.0048,0.06,<0.0036,<0.006
1132,2011-01-19T11:35:00,2011-01-20T11:05,42,0.14 - 0.42 µm,1.325,0.0033,0.093,0.0035,0.0018,0.038,0.0075,0.0045,0.2424,0.0012,<0.0002,0.103,0.007,0.11,11.75,1.45,0.318,0.14,0.25,15.13,0.11,0.12,1.24,0.105,0.034,0.012,0.18,0.035,0.22,0.05,0.03
1133,2011-01-19T11:35:00,2011-01-20T11:05,42,0.42 - 1.2 µm,2.388,0.1035,0.0077,0.0021,0.0141,0.0674,0.1069,0.0801,0.1247,0.0015,0.0003,0.075,0.003,0.078,23.16,3.01,0.084,0.09,0.58,30.21,0.02,0.44,1.3,0.117,0.021,0.029,0.41,0.043,0.3,<0.0036,0.08
1134,2011-01-19T11:35:00,2011-01-20T11:05,42,1.2 - 3.5 µm,14.77,0.8082,0.0113,0.041,0.0822,0.2409,1.3413,0.6714,0.3552,0.0031,0.0003,0.126,0.009,0.135,180.07,16.14,0.329,0.53,4.34,191.95,0.14,0.18,1.18,0.181,<0.003,0.069,3.06,0.292,3.2,0.46,0.65
1135,2011-01-19T11:35:00,2011-01-20T11:05,42,3.5 - 10 µm,10.778,0.808,0.007,0.0316,0.0705,0.2001,1.4441,0.2287,0.2472,0.0008,0.0002,0.057,<0.010,0.057,197.81,22.03,0.276,0.44,3.44,214.6,0.18,0.17,0.68,0.112,0.046,0.012,2.98,0.38,2.93,0.87,0.59
1136,2011-01-20T11:35:00,2011-01-21T11:05,42,0.05 - 0.14 µm,0.435,<0.0006,0.0131,<0.0006,0.0013,0.0752,0.0103,0.0121,0.0471,0.001,0.0005,0.102,0.013,0.114,6.98,0.64,0.021,0.16,0.03,5.98,<0.0144,0.06,1.12,0.051,<0.003,0.001,0.06,0.007,0.03,<0.0036,<0.006
1137,2011-01-20T11:35:00,2011-01-21T11:05,42,0.14 - 0.42 µm,1.686,0.0021,0.1208,0.0068,0.0017,0.0549,0.0075,0.0111,0.3517,0.0025,0.0007,0.106,0.089,0.195,9.98,0.45,0.457,0.12,0.18,6.96,0.19,0.16,1.29,0.299,<0.003,0.039,0.13,0.03,0.16,<0.0036,0.03
1138,2011-01-20T11:35:00,2011-01-21T11:05,42,0.42 - 1.2 µm,2.523,0.0851,0.0043,0.0072,0.012,0.0829,0.0528,0.0618,0.187,0.0027,0.0001,0.069,<0.010,0.069,20.75,1.05,0.097,0.25,0.42,14.5,0.04,0.14,1.33,0.351,0.024,0.033,0.3,0.025,0.31,<0.0036,0.06
1139,2011-01-20T11:35:00,2011-01-21T11:05,42,1.2 - 3.5 µm,13.985,0.6168,0.0051,0.033,0.0828,0.0696,0.903,0.6804,0.2408,0.0088,0.0013,0.244,0.045,0.289,192.57,17.56,0.386,0.57,4.26,208.18,0.14,0.19,1.31,0.22,0.018,0.085,3.12,0.306,2.99,0.41,0.63
1140,2011-01-20T11:35:00,2011-01-21T11:05,42,3.5 - 10 µm,11.772,0.8812,0.0058,0.0379,0.0808,0.0756,1.4642,0.4121,0.2439,0.0027,0.0009,0.122,<0.010,0.122,152.74,21.22,0.277,0.5,3.07,206.34,0.17,0.16,0.65,0.159,<0.003,0.011,2.4,0.373,2.85,0.94,0.57
1141,2011-01-21T11:35:00,2011-01-22T11:05,42,0.05 - 0.14 µm,0.249,<0.0006,0.0112,<0.0006,0.0011,0.0561,0.0105,0.013,0.0431,0.0005,0.0002,0.119,0.034,0.153,6.49,0.3,<0.0036,0.14,0.03,2.57,0.02,0.06,1.33,0.024,<0.003,0.001,0.04,<0.0048,<0.0048,<0.0036,<0.006
1142,2011-01-21T11:35:00,2011-01-22T11:05,42,0.14 - 0.42 µm,1.633,0.0036,0.1407,0.0075,0.0021,0.0506,0.0108,0.0119,0.4761,0.0009,0.0011,0.08,0.048,0.128,10.38,0.84,0.351,0.2,0.18,10.05,0.16,0.15,1.3,0.162,0.037,0.02,0.14,0.025,0.16,<0.0036,<0.006
1143,2011-01-21T11:35:00,2011-01-22T11:05,42,0.42 - 1.2 µm,2.24,0.0619,0.0145,0.007,0.0097,0.0829,0.011,0.0368,0.2405,0.004,<0.0002,0.126,0.016,0.142,22.41,2.21,0.122,0.09,0.59,25.89,0.05,0.17,1.3,0.234,0.029,0.031,0.36,0.045,0.41,<0.0036,0.03
1144,2011-01-21T11:35:00,2011-01-22T11:05,42,1.2 - 3.5 µm,9.682,0.4856,0.0055,0.0255,0.0688,0.1991,0.7337,0.499,0.2882,0.006,0.0006,0.095,0.018,0.113,160.61,13.21,0.31,0.76,3.54,162.42,0.14,0.23,1.51,0.138,0.113,0.087,2.53,0.232,2.29,<0.0036,0.6
1145,2011-01-21T11:35:00,2011-01-22T11:05,42,3.5 - 10 µm,7.921,0.6529,0.0055,0.0265,0.0658,0.0547,1.1147,0.355,0.1618,0.0016,<0.0002,0.185,<0.010,0.185,129.42,17.92,0.276,0.47,2.47,178.43,0.15,0.15,0.57,0.112,<0.003,0.007,1.98,0.319,2.21,1.47,0.48
1146,2011-01-22T11:35:00,2011-01-23T11:05,42,0.05 - 0.14 µm,0.267,<0.0006,0.0035,<0.0006,0.0011,0.0398,0.0098,0.0023,0.0161,<0.0002,<0.0002,0.086,0.045,0.131,6.52,0.17,0.005,0.18,0.01,2.12,<0.0144,0.05,1.06,0.022,<0.003,<0.001,0.04,<0.0048,0.02,<0.0036,0.01
1147,2011-01-22T11:35:00,2011-01-23T11:05,42,0.14 - 0.42 µm,1.164,<0.0006,0.0482,<0.0006,0.0024,0.0443,0.0096,0.0029,0.2283,<0.0002,<0.0002,0.116,0.033,0.149,13.57,1.43,0.233,0.44,0.27,16.94,0.1,0.1,1.24,0.154,0.033,0.01,0.2,0.025,0.26,<0.0036,<0.006
1148,2011-01-22T11:35:00,2011-01-23T11:05,42,0.42 - 1.2 µm,1.449,0.0226,0.0078,<0.0006,0.005,0.0525,0.0144,0.0167,0.0897,<0.0002,0.0007,0.155,0.092,0.247,16.53,1.02,0.046,0.14,0.29,11.93,0.03,0.41,1.34,0.105,0.017,0.014,0.21,0.016,0.3,<0.0036,0.06
1149,2011-01-22T11:35:00,2011-01-23T11:05,42,1.2 - 3.5 µm,7.445,0.2478,0.0089,0.009,0.0343,0.1418,0.3943,0.3171,0.1532,0.0013,<0.0002,0.066,<0.010,0.075,89.25,7.06,0.132,0.13,1.81,82.28,0.06,0.09,1.04,,<0.003,0.035,1.31,0.12,0.77,<0.0036,0.17
1150,2011-01-22T11:35:00,2011-01-23T11:05,42,3.5 - 10 µm,5.137,0.4009,0.0029,0.0121,0.04,0.1459,0.6881,0.1883,0.123,0.0006,<0.0002,0.077,<0.010,0.083,48.39,6.95,0.108,0.25,0.96,68.19,0.05,0.05,0.37,0.043,<0.003,0.002,0.75,0.121,0.61,0.14,0.18
1151,2011-01-23T11:35:00,2011-01-24T11:05,42,0.05 - 0.14 µm,0.079,<0.0006,0.001,<0.0006,0.0004,0.0138,0.0044,0.0016,0.002,<0.0002,<0.0002,0.046,0.025,0.071,10.45,0.25,0.011,0.15,0.06,2.33,<0.0144,<0.048,0.46,0.004,<0.003,0.003,0.23,0.013,0.02,0.01,<0.006
1152,2011-01-23T11:35:00,2011-01-24T11:05,42,0.14 - 0.42 µm,0.453,<0.0006,0.0219,<0.0006,0.0004,0.0164,0.006,0.0018,0.0826,0.0005,<0.0002,0.069,<0.010,0.069,3.28,0.12,0.012,0.15,<0.0096,1,<0.0144,<0.048,0.46,0.014,0.008,<0.001,0.02,0.009,<0.0048,<0.0036,<0.006
1153,2011-01-23T11:35:00,2011-01-24T11:05,42,0.42 - 1.2 µm,0.275,0.0226,0.0038,<0.0006,0.0028,0.0098,0.0114,0.0069,0.043,0.0006,<0.0002,0.049,<0.010,0.049,2.92,0.07,0.007,<0.0336,0.01,0.62,<0.0144,<0.048,0.39,0.014,0.007,0.012,0.03,<0.0048,0.01,<0.0036,<0.006
1154,2011-01-23T11:35:00,2011-01-24T11:05,42,1.2 - 3.5 µm,1.382,0.2616,0.0017,0.0017,0.0273,0.054,0.4172,0.0765,0.0697,0.0017,<0.0002,0.179,0.014,0.192,9.38,0.17,<0.0036,<0.0336,0.01,2.41,<0.0144,<0.048,0.7,0.023,0.114,0.025,0.15,0.008,<0.0048,<0.0036,<0.006
1155,2011-01-23T11:35:00,2011-01-24T11:05,42,3.5 - 10 µm,2.106,0.4437,0.0036,0.0093,0.0452,0.0975,0.751,0.0505,0.1011,0.0009,0.0003,0.144,<0.010,0.149,0,<0.013,<0.0036,<0.0336,<0.0096,0,<0.0144,<0.048,0,0,<0.003,0,0,<0.0048,<0.0048,<0.0036,<0.006
1156,2011-01-24T11:35:00,2011-01-25T11:05,42,0.05 - 0.14 µm,0.021,<0.0006,0.0071,<0.0006,0.0003,0.0432,0.0067,0.0015,0.0124,<0.0002,<0.0002,0.104,0.059,0.163,3.83,0.08,0.159,<0.0336,<0.0096,0.83,0.04,<0.048,0.47,0.011,<0.003,0.029,0.05,<0.0048,<0.0048,<0.0036,<0.006
1157,2011-01-24T11:35:00,2011-01-25T11:05,42,0.14 - 0.42 µm,0.675,0.0006,0.0372,<0.0006,0.0008,0.0608,0.0064,0.0026,0.1903,0.0004,<0.0002,0.153,0.038,0.191,2.59,0.06,0.456,0.16,<0.0096,0.44,0.1,<0.048,0.44,0.025,0.008,0.001,0.02,<0.0048,<0.0048,<0.0036,<0.006
1158,2011-01-24T11:35:00,2011-01-25T11:05,42,0.42 - 1.2 µm,0.442,0.0078,0.0007,<0.0006,<0.0006,<0.0025,0.0247,0.0082,0.0647,0.0007,<0.0002,0.054,<0.010,0.054,3.42,0.1,0.185,0.07,<0.0096,0.3,0.09,<0.048,0.41,0.01,0.004,0.002,0.04,<0.0048,<0.0048,<0.0036,0.03
1159,2011-01-24T11:35:00,2011-01-25T11:05,42,1.2 - 3.5 µm,1.902,0.3422,0.0023,0.0053,0.0369,0.0251,0.5354,0.1517,0.0893,0.0026,0.0003,0.041,0.017,0.058,10.28,0.06,0.01,0.21,<0.0096,0.81,<0.0144,0.74,0.74,0.016,0.003,0.022,0.21,<0.0048,<0.0048,<0.0036,0.01
1160,2011-01-24T11:35:00,2011-01-25T11:05,42,3.5 - 10 µm,4.192,0.8542,0.0088,0.0253,0.0789,0.0559,1.4911,0.1124,0.2112,0.0029,0.0019,0.07,0.082,0.152,18.53,0.53,0.012,<0.0336,0.03,3.19,<0.0144,0.05,0.32,0.015,0.003,0.004,0.45,<0.0048,<0.0048,<0.0036,<0.006
1161,2011-01-25T11:35:00,2011-01-26T11:06,42,0.05 - 0.14 µm,0.068,<0.0006,0.0029,<0.0006,<0.0006,0.0047,0.0044,0.001,0.0047,<0.0002,<0.0002,0.039,<0.010,0.041,11.69,0.36,0.023,<0.0336,0.04,1.99,<0.0144,<0.048,0.51,0.006,0.004,0.005,0.26,<0.0048,0.02,<0.0036,0.02
1162,2011-01-25T11:35:00,2011-01-26T11:06,42,0.14 - 0.42 µm,0.367,<0.0006,0.0152,<0.0006,0.0006,0.0128,0.0048,0.0013,0.0726,0.0008,<0.0002,0.028,<0.010,0.028,2.87,0.11,0.055,0.12,<0.0096,0.34,<0.0144,<0.048,0.47,0.014,<0.003,<0.001,0.02,<0.0048,0.08,<0.0036,0.02
1163,2011-01-25T11:35:00,2011-01-26T11:06,42,0.42 - 1.2 µm,0.425,0.0481,0.0008,<0.0006,0.0052,0.01,0.0673,0.0164,0.0334,0.0005,<0.0002,0.047,<0.010,0.047,3.62,0.08,0.024,0.09,<0.0096,0.26,<0.0144,<0.048,0.42,0.019,<0.003,0.007,0.05,<0.0048,0.1,<0.0036,<0.006
1164,2011-01-25T11:35:00,2011-01-26T11:06,42,1.2 - 3.5 µm,2.246,0.4548,0.0029,0.0108,0.0467,0.0519,0.7562,0.1276,0.1163,0.0024,<0.0002,0.08,<0.010,0.08,9.84,0.03,0.01,0.13,<0.0096,0.28,<0.0144,<0.048,0.73,0.009,0.005,0.017,0.2,<0.0048,0.1,<0.0036,<0.006
1165,2011-01-25T11:35:00,2011-01-26T11:06,42,3.5 - 10 µm,2.588,0.5744,0.0023,0.0158,0.0559,0.1,0.9492,0.0543,0.1273,0.0008,0.0002,0.038,<0.010,0.038,11.14,0.02,<0.0036,<0.0336,<0.0096,0.51,<0.0144,<0.048,0.32,0.011,<0.003,0.003,0.28,<0.0048,<0.0048,<0.0036,<0.006
1166,2011-01-26T11:37:00,2011-01-27T11:06,42,0.05 - 0.14 µm,0.009,0.0015,0.0007,0.0035,<0.0006,<0.0025,0.0054,0.0022,0,0.002,0.0453,0.108,<0.010,0.108,8.9,0.03,0.004,<0.0336,<0.0096,0.29,<0.0144,<0.048,0.47,0.011,0.003,0.003,0.17,<0.0048,0.02,<0.0036,0.01
1167,2011-01-26T11:37:00,2011-01-27T11:06,42,0.14 - 0.42 µm,0.334,<0.0006,0.0017,0.1074,<0.0006,<0.0025,0.0057,0.0143,0,0.0019,0.0578,0.134,<0.010,0.14,2.3,0.02,0.016,<0.0336,<0.0096,0.22,<0.0144,<0.048,0.43,0.013,0.005,0.001,0.02,<0.0048,0.01,<0.0036,<0.006
1168,2011-01-26T11:37:00,2011-01-27T11:06,42,0.42 - 1.2 µm,0.455,0.1006,0.0226,0.0448,0.0004,<0.0025,0.0911,0.0026,0.0017,0.01,0.0489,0.055,0.022,0.076,3.28,0.03,0.008,0.02,0.01,0.2,<0.0144,<0.048,0.38,0.012,0.003,0.019,0.05,<0.0048,0.03,<0.0036,<0.006
1169,2011-01-26T11:37:00,2011-01-27T11:06,42,1.2 - 3.5 µm,3.172,1.0449,0.1573,0.1574,0.0021,<0.0025,0.6782,0.0043,0.0225,0.0667,0.114,0.207,0.033,0.24,13.36,0.03,0.007,0.15,0.01,0.26,<0.0144,<0.048,0.71,0.026,<0.003,0.042,0.33,<0.0048,0.02,<0.0036,<0.006
1170,2011-01-26T11:37:00,2011-01-27T11:06,42,3.5 - 10 µm,3.743,1.4521,0.0741,0.1778,<0.0006,<0.0025,0.8509,0.0036,0.0319,0.0794,0.0476,0.078,0.016,0.093,14.85,0.34,0.008,<0.0336,0.03,2.86,<0.0144,<0.048,0.32,0.006,<0.003,0.005,0.4,0.007,<0.0048,0.01,<0.006
1171,2011-01-27T11:53:00,2011-01-28T11:06,42,0.05 - 0.14 µm,0.139,<0.0006,0.0027,<0.0006,<0.0006,<0.0025,0.0094,0.0039,0.0028,0.0005,<0.0002,0.069,0,0.069,2.51,<0.013,0.063,0.3,<0.0096,0.14,0.02,<0.048,0.42,0.011,<0.003,0.001,0.02,<0.0048,0.03,0.01,<0.006
1172,2011-01-27T11:53:00,2011-01-28T11:06,42,0.14 - 0.42 µm,0.542,0.0105,0.0215,<0.0006,0.0013,0.0073,0.0075,0.0037,0.1292,0.0035,<0.0002,0.114,<0.010,0.114,2.49,0.02,0.27,0.12,<0.0096,0.24,0.08,<0.048,0.45,0.016,0.011,0.001,0.02,<0.0048,<0.0048,<0.0036,<0.006
1173,2011-01-27T11:53:00,2011-01-28T11:06,42,0.42 - 1.2 µm,0.864,0.1795,0.001,<0.0006,0.0135,0.011,0.2887,0.028,0.0854,0.0023,0.0003,0.081,<0.010,0.081,5.1,0.02,0.032,0.08,<0.0096,0.15,<0.0144,<0.048,0.44,0.018,0.01,0.017,0.1,<0.0048,0.02,0.01,0.01
1174,2011-01-27T11:53:00,2011-01-28T11:06,42,1.2 - 3.5 µm,5.313,1.2261,0.0057,0.0379,0.1195,0.0688,2.0313,0.2102,0.3217,0.0076,0.0019,0.084,<0.010,0.084,20.07,<0.013,<0.0036,0.09,<0.0096,0.42,<0.0144,0.07,0.8,0.004,0.169,0.051,0.52,0.01,<0.0048,<0.0036,<0.006
1175,2011-01-27T11:53:00,2011-01-28T11:06,42,3.5 - 10 µm,10.725,2.5772,0.0096,0.0906,0.2313,0.1233,4.5861,0.1445,0.6773,0.0021,0.0081,0.041,0.041,0.082,54.93,0.38,0.009,<0.0336,<0.0096,2.64,<0.0144,<0.048,0.26,0.004,0.083,<0.001,1.34,0.247,<0.0048,<0.0036,<0.006
1176,2011-01-28T11:37:00,2011-01-28T21:30,42,0.05 - 0.14 µm,0.271,0.0027,0.0029,<0.0006,<0.0006,0.0072,0.0439,0.01,0.0131,<0.0002,<0.0002,0.216,0.09,0.307,5.81,0.1,0.024,0.19,<0.0096,0.88,<0.0144,<0.048,0.95,0.02,0.004,0.002,0.04,<0.0048,0.01,<0.0036,<0.006
1177,2011-01-28T11:37:00,2011-01-28T21:30,42,0.14 - 0.42 µm,0.715,<0.0006,0.0804,<0.0006,<0.0006,0.0135,0.0192,0.0096,0.2051,<0.0002,<0.0002,,0.247,0.247,6.23,0.05,0.228,0.3,<0.0096,0.4,0.08,0.06,1.18,0.026,0.011,0.001,0.04,<0.0048,<0.0048,<0.0036,<0.006
1178,2011-01-28T11:37:00,2011-01-28T21:30,42,0.42 - 1.2 µm,0.69,0.0847,0.0009,<0.0006,0.0035,0.0135,0.1136,0.0382,0.0735,0.0013,<0.0002,0.152,<0.010,0.152,7.3,0.12,0.027,0.06,<0.0096,0.85,<0.0144,0.05,1.04,0.039,0.015,0.018,0.09,<0.0048,<0.0048,<0.0036,<0.006
1179,2011-01-28T11:37:00,2011-01-28T21:30,42,1.2 - 3.5 µm,3.598,0.689,0.003,0.006,0.0641,0.0539,1.0528,0.2517,0.1616,0.0043,<0.0002,0.223,<0.010,0.223,29.17,0.03,<0.0036,<0.0336,<0.0096,1.26,0.02,0.13,2.65,0.03,0.006,0.069,0.48,<0.0048,<0.0048,<0.0036,<0.006
1180,2011-01-28T11:37:00,2011-01-28T21:30,42,3.5 - 10 µm,5.521,1.0615,0.0023,0.0266,0.101,0.1637,1.8135,0.1692,0.2307,0.0024,0.0011,0.264,0.021,0.286,16.27,1.6,<0.0036,0.09,0.04,9.35,<0.0144,<0.048,0.75,0.01,<0.003,<0.001,0.38,0.018,<0.0048,<0.0036,<0.006
1181,2011-01-29T14:26:00,2011-01-30T11:50,42,0.05 - 0.14 µm,0.047,<0.0006,0.002,<0.0006,<0.0006,0.0262,0.0092,0.0036,0.0097,0.0005,<0.0002,0.142,<0.010,0.142,2.96,0.03,0.015,0.12,<0.0096,0.15,<0.0144,<0.048,0.48,0.01,0.005,,0.02,<0.0048,<0.0048,0.01,<0.006
1182,2011-01-29T14:26:00,2011-01-30T11:50,42,0.14 - 0.42 µm,0.442,0.0017,0.0282,<0.0006,<0.0006,0.035,0.0097,0.0038,0.1249,0.0013,0.0003,0.092,<0.010,0.101,0.48,<0.013,<0.0036,<0.0336,<0.0096,0.02,<0.0144,<0.048,0.1,0.002,<0.003,0,0,<0.0048,<0.0048,,<0.006
1183,2011-01-29T14:26:00,2011-01-30T11:50,42,0.42 - 1.2 µm,0.526,0.0781,0.0004,<0.0006,0.0047,0.0105,0.1091,0.0227,0.0545,0.0008,<0.0002,0.02,<0.010,0.02,0.67,<0.013,<0.0036,<0.0336,<0.0096,0.02,<0.0144,<0.048,0.09,0.002,<0.003,0.002,0.01,<0.0048,<0.0048,,<0.006
1184,2011-01-29T14:26:00,2011-01-30T11:50,42,1.2 - 3.5 µm,3.525,0.6846,0.0029,0.0167,0.0671,0.0498,1.1458,0.1657,0.168,0.0015,0.0005,0.037,<0.010,0.037,22.58,<0.013,<0.0036,0.04,<0.0096,0.86,<0.0144,<0.048,0.88,0.018,0.004,0.042,0.5,0.006,<0.0048,,<0.006
1185,2011-01-29T14:26:00,2011-01-30T11:50,42,3.5 - 10 µm,7.527,1.266,0.0042,0.0418,0.1251,0.0714,2.2125,0.0851,0.286,0.0006,0.0024,0.361,<0.010,0.362,24.98,0.57,<0.0036,<0.0336,0.02,3.78,<0.0144,<0.048,0.35,0.013,0.003,0.001,0.61,0.006,0.01,,<0.006
1186,2011-01-30T11:42:00,2011-01-31T11:09,42,0.05 - 0.14 µm,0.104,<0.0006,0.0031,<0.0006,-0.0006,0.0062,0.0109,0.0038,0.0089,<0.0002,<0.0002,0.049,<0.010,0.049,2.14,0.04,0.079,0.07,<0.0096,0.12,<0.0144,<0.048,0.39,0.005,<0.003,0.001,0.01,0.006,<0.0048,<0.0036,<0.006
1187,2011-01-30T11:42:00,2011-01-31T11:09,42,0.14 - 0.42 µm,0.427,<0.0006,0.0227,<0.0006,-0.0002,0.0103,0.0073,0.0044,0.0898,0.0006,<0.0002,0.043,<0.010,0.043,2.38,0.03,0.266,<0.0336,<0.0096,0.24,0.08,<0.048,0.43,0.016,0.007,0.001,0.01,<0.0048,0.02,<0.0036,0.03
1188,2011-01-30T11:42:00,2011-01-31T11:09,42,0.42 - 1.2 µm,0.447,0.0554,0.0003,<0.0006,0.0026,0.005,0.0554,0.0309,0.0487,0.0008,<0.0002,<0.020,<0.010,0,3.39,0.04,0.02,0.16,0.01,0.7,0.06,<0.048,0.4,0.013,0.004,0.013,0.06,<0.0048,0.03,<0.0036,0.01
1189,2011-01-30T11:42:00,2011-01-31T11:09,42,1.2 - 3.5 µm,2.582,0.4565,0.0024,0.0104,0.0442,0.0321,0.6746,0.2081,0.119,0.0044,<0.0002,<0.020,<0.010,0,13.16,0.02,0.002,<0.0336,<0.0096,0.79,<0.0144,<0.048,0.77,0.014,0.006,0.036,0.28,<0.0048,<0.0048,<0.0036,<0.006
1190,2011-01-30T11:42:00,2011-01-31T11:09,42,3.5 - 10 µm,4.241,0.8563,0.0034,0.0281,0.0859,0.0441,1.4271,0.12,0.1526,0.0005,0.001,0.048,<0.010,0.048,15.9,0.29,0.01,0.22,0.02,2.75,0.06,<0.048,0.3,0.009,0.003,0.002,0.4,<0.0048,<0.0048,<0.0036,<0.006
1191,2011-01-31T11:41:00,2011-02-01T11:06,42,0.05 - 0.14 µm,0.023,<0.0006,0.0001,<0.0006,-0.0001,0.0239,0.0079,0.0037,0.0044,0.0003,0.0008,0.135,<0.010,0.139,0,<0.013,0,<0.0336,<0.0096,0,<0.0144,<0.048,0,0,<0.003,0,0,<0.0048,<0.0048,<0.0036,<0.006
1192,2011-01-31T11:41:00,2011-02-01T11:06,42,0.14 - 0.42 µm,0.304,<0.0006,0.0086,<0.0006,-0.0003,0.0099,0.0063,0.0039,0.0538,<0.0002,<0.0002,0.034,<0.010,0.034,2.36,0.02,0.03,0.28,<0.0096,0.15,<0.0144,<0.048,0.41,0.01,<0.003,0.001,0.02,<0.0048,0.02,<0.0036,0.01
1193,2011-01-31T11:41:00,2011-02-01T11:06,42,0.42 - 1.2 µm,0.263,0.0249,-0.0001,<0.0006,0.0009,0.003,0.0334,0.009,0.0269,0.0003,<0.0002,<0.020,0.012,0.012,2.68,0.02,0.006,0.06,<0.0096,0.13,<0.0144,<0.048,0.39,0.012,0.004,0.005,0.03,<0.0048,<0.0048,<0.0036,<0.006
1194,2011-01-31T11:41:00,2011-02-01T11:06,42,1.2 - 3.5 µm,1.391,0.2651,0.0002,0.003,0.0224,0.0176,0.4178,0.0779,0.0481,0.0006,<0.0002,0.083,<0.010,0.089,8.89,<0.013,<0.0036,<0.0336,<0.0096,0.15,<0.0144,<0.048,0.74,0.014,0.004,0.013,0.17,<0.0048,<0.0048,<0.0036,<0.006
1195,2011-01-31T11:41:00,2011-02-01T11:06,42,3.5 - 10 µm,2.059,0.3883,0.0008,0.0089,0.0367,0.0227,0.7537,0.0413,0.0715,0.0004,0.0008,<0.020,0.01,0.01,11.35,0.13,0.002,<0.0336,<0.0096,0.98,<0.0144,<0.048,0.27,0.009,<0.003,<0.001,0.31,0.045,<0.0048,<0.0036,<0.006
1196,2011-02-01T11:38:00,2011-02-02T11:40,42,0.05 - 0.14 µm,0.019,<0.0006,0.0026,<0.0006,-0.0004,0.0292,0.0066,0.0033,0.0092,0.0005,<0.0002,0.085,<0.010,0.091,2.52,0.04,0.004,<0.0336,<0.0096,0.26,<0.0144,<0.048,0.38,0.01,<0.003,<0.001,0.02,<0.0048,<0.0048,<0.0036,<0.006
1197,2011-02-01T11:38:00,2011-02-02T11:40,42,0.14 - 0.42 µm,0.496,0.0024,0.0388,<0.0006,0.0007,0.041,0.0062,0.0038,0.1943,0.0012,<0.0002,0.182,0.07,0.251,3.63,0.11,0.124,0.08,<0.0096,1,0.04,<0.048,0.44,0.022,0.007,0.002,0.02,<0.0048,<0.0048,<0.0036,<0.006
1198,2011-02-01T11:38:00,2011-02-02T11:40,42,0.42 - 1.2 µm,1.139,0.1169,-0.0002,<0.0006,0.0127,0.0632,0.1846,0.0462,0.096,0.0027,0.0003,0.091,<0.010,0.091,16.02,0.36,0.041,0.05,0.06,4.03,<0.0144,<0.048,0.43,0.029,0.008,0.023,0.16,<0.0048,0.06,0.02,0.03
1199,2011-02-01T11:38:00,2011-02-02T11:40,42,1.2 - 3.5 µm,7.86,1.0633,0,0.0382,0.1089,0.2922,2.0663,0.2941,0.3643,0.0146,0.0012,0.202,<0.010,0.202,133.41,1.68,0.062,0.12,0.48,23.4,0.03,0.05,0.8,0.02,0.017,0.041,1.23,0.028,0.24,<0.0036,0.07
1200,2011-02-01T11:38:00,2011-02-02T11:40,42,3.5 - 10 µm,5.904,0.8251,0.0002,0.0288,0.082,0.2165,1.6104,0.0836,0.2546,0.0044,0.0013,0.204,<0.010,0.214,,,,,,,,,,,,,,,,,
1201,2011-02-02T12:21:00,2011-02-03T11:08,42,0.05 - 0.14 µm,0.098,<0.0006,0.0027,<0.0006,0.0003,0.0348,0.011,0.005,0.0151,0.0007,<0.0002,<0.020,<0.010,0,4.09,0.19,0.018,0.18,<0.0096,1.35,<0.0144,<0.048,0.41,0.011,<0.003,0,0.03,<0.0048,,<0.0036,<0.006
1202,2011-02-02T12:21:00,2011-02-03T11:08,42,0.14 - 0.42 µm,0.946,0.0068,0.0907,<0.0006,0.0016,0.0588,0.0086,0.0059,0.271,0.0024,0.0004,0.251,0.157,0.408,7.35,0.12,0.17,0.09,0.03,1.67,0.06,<0.048,0.52,0.039,0.011,0.005,0.04,0.005,0.04,<0.0036,<0.006
1203,2011-02-02T12:21:00,2011-02-03T11:08,42,0.42 - 1.2 µm,3.056,0.2226,0.0009,0.0053,0.0244,0.1864,0.3632,0.096,0.1762,0.0057,0.0004,0.145,0.065,0.209,56.97,1.26,0.071,0.07,0.28,16.29,0.03,<0.048,0.55,0.058,0.025,0.025,0.38,0.024,0.29,<0.0036,0.03
1204,2011-02-02T12:21:00,2011-02-03T11:08,42,1.2 - 3.5 µm,15.334,1.4333,0,0.0601,0.1398,0.692,2.5194,0.3859,0.4882,0.0266,0.0009,0.412,<0.010,0.412,441.32,9.81,0.378,0.32,2.07,124.41,0.11,0.12,1.14,0.075,0.05,0.064,2.96,0.205,1.68,<0.0036,0.49
1205,2011-02-02T12:21:00,2011-02-03T11:08,42,3.5 - 10 µm,10.829,1.1468,0.0007,0.0466,0.0992,0.4638,2.061,0.1044,0.3246,0.0094,0.0013,0.351,0.01,0.361,195.92,6.93,0.201,0.26,1.06,75.9,0.08,0.06,0.52,0.068,0.026,<0.001,1.55,0.153,0.69,0.07,0.27
1206,2011-02-03T11:49:00,2011-02-04T11:06,42,0.05 - 0.14 µm,0.157,<0.0006,0.0101,<0.0006,0.0012,0.0548,0.006,0.0123,0.0243,0.0008,0.0004,0.074,0.04,0.114,4.7,0.26,0.018,0.12,0.03,2.87,<0.0144,<0.048,0.5,0.009,0.004,0.001,0.04,<0.0048,0.07,0.02,0.01
1207,2011-02-03T11:49:00,2011-02-04T11:06,42,0.14 - 0.42 µm,1.326,0.0065,0.118,0.0089,0.0034,0.0656,0.0064,0.0089,0.3744,0.01,0.0012,0.117,0.02,0.137,9.5,0.55,0.193,0.07,0.11,6.76,0.06,<0.048,0.65,0.115,0.038,0.009,0.1,0.019,0.18,<0.0036,0.02
1208,2011-02-03T11:49:00,2011-02-04T11:06,42,0.42 - 1.2 µm,5.346,0.2096,0.0025,0.0161,0.0319,0.1866,0.2845,0.1558,0.3068,0.0161,0.0001,0.1,0.043,0.144,75.56,1.47,0.109,0.22,1.01,31.75,0.06,0.07,0.7,0.25,0.066,0.041,0.86,0.042,0.83,<0.0036,0.13
1209,2011-02-03T11:49:00,2011-02-04T11:06,42,1.2 - 3.5 µm,27.99,0.9726,0.0042,0.0735,0.1434,0.1602,1.7002,0.702,0.7435,0.0465,0.0028,0.498,<0.010,0.507,631.23,41.23,0.932,1.59,9.06,531.09,0.42,0.42,1.81,0.46,0.091,0.07,7.77,0.875,9.15,2.13,1.34
1210,2011-02-03T11:49:00,2011-02-04T11:06,42,3.5 - 10 µm,22.177,1.3353,0.0042,0.0611,0.1108,0.1166,2.2953,0.225,0.5436,0.0206,0.0047,0.452,0.122,0.574,326.7,27.37,0.472,0.77,4.53,303.68,0.26,0.3,0.83,0.193,0.02,<0.001,3.88,0.603,4.83,1.41,0.74
1211,2011-02-04T11:47:00,2011-02-05T11:24,42,0.05 - 0.14 µm,0.702,0.0029,0.0024,<0.0006,0.0026,0.0856,0.0123,0.0158,0.0216,0.0019,0.0005,0.152,0.01,0.161,10.46,0.99,0.043,0.25,0.21,12.35,0.03,<0.048,0.44,0.025,0.004,0.001,0.15,0.017,0.19,0.03,0.05
1212,2011-02-04T11:47:00,2011-02-05T11:24,42,0.14 - 0.42 µm,2.435,0.0117,0.0399,0.0055,0.0061,0.1101,0.0133,0.0153,0.2043,0.0059,0.0007,0.105,<0.010,0.105,13.47,1.18,0.117,0.14,0.39,15.37,0.05,0.05,0.52,0.071,0.016,0.005,0.21,0.025,0.38,0.03,0.05
1213,2011-02-04T11:47:00,2011-02-05T11:24,42,0.42 - 1.2 µm,14.419,0.1505,0.0064,0.0214,0.0265,0.2518,0.2345,0.112,0.2007,0.0083,0.0014,0.111,0.047,0.158,145.92,11.82,0.328,0.44,3.29,165.2,0.12,0.14,0.7,0.192,0.084,0.031,2.57,0.257,3.25,0.6,0.49
1214,2011-02-04T11:47:00,2011-02-05T11:24,42,1.2 - 3.5 µm,96.937,0.858,0.0217,0.0943,0.084,0.0717,1.446,0.42,0.6247,0.0217,0.0026,0.726,0.1,0.825,1763.27,105.09,3.264,2.38,34.28,1607.71,1.21,1.18,3.45,2.136,<0.003,0.077,26.03,3.464,28.77,7.02,5.34
1215,2011-02-04T11:47:00,2011-02-05T11:24,42,3.5 - 10 µm,64.387,1.1188,0.0134,0.0789,0.0905,0.092,1.9256,0.1807,0.6459,0.023,0.0043,0.72,0.229,0.949,769.06,100.73,1.765,2.09,17.36,1113.66,0.92,0.89,2.21,1.386,<0.003,,11.55,2.744,21.54,6.83,2.9
1216,2011-02-05T12:09:00,2011-02-06T11:11,42,0.05 - 0.14 µm,0.927,<0.0006,0.0037,<0.0006,0.0027,0.1075,0.0095,0.0143,0.0231,0.0017,<0.0002,0.102,0.027,0.129,7.46,1.7,0.051,0.21,0.2,19.13,<0.0144,<0.048,0.42,0.029,0.004,,0.14,0.019,0.3,0.04,0.06
1217,2011-02-05T12:09:00,2011-02-06T11:11,42,0.14 - 0.42 µm,3.39,0.0128,0.0503,0.0097,0.0095,0.1633,0.0186,0.0203,0.2759,0.0103,0.0016,0.151,0.078,0.229,16.03,3.53,0.192,0.13,0.65,39.83,0.1,0.07,0.59,0.072,0.025,0.006,0.33,0.069,0.7,0.23,0.09
1218,2011-02-05T12:09:00,2011-02-06T11:11,42,0.42 - 1.2 µm,16.436,0.1231,0.0115,0.0246,0.0258,0.2849,0.1918,0.1132,0.238,0.0119,0.0007,0.341,0.085,0.426,172.65,7.62,0.319,0.35,4.26,131.54,0.12,0.14,0.73,0.187,0.071,0.04,2.71,0.206,3.21,0.31,0.5
1219,2011-02-05T12:09:00,2011-02-06T11:11,42,1.2 - 3.5 µm,114.261,0.7576,0.0316,0.0983,0.0728,0.0664,1.254,0.4761,0.5611,0.039,0.0023,0.85,0.26,1.11,1287.55,89.69,2.546,2.03,32.32,1281.53,0.95,0.97,2.74,2.261,<0.003,0.049,18.65,2.999,26.35,6.02,3.86
1220,2011-02-05T12:09:00,2011-02-06T11:11,42,3.5 - 10 µm,73.452,0.8406,0.0184,0.0751,0.081,0.0787,1.4553,0.2063,0.5235,0.0287,0.0037,0.857,0.334,1.19,725.03,131.75,2.044,2.5,20.5,1378.79,1.09,1.01,2.65,1.693,<0.003,<0.001,11.33,3.554,27.14,8.99,3.35
1221,2011-02-06T12:00:00,2011-02-06T20:13,42,0.05 - 0.14 µm,1.209,0.019,0.0027,<0.0006,0.0025,0.1174,0.0505,0.0161,0.0229,<0.0002,<0.0002,0.177,<0.010,0.177,15.7,1.99,0.076,0.3,0.26,21.15,<0.0144,<0.048,1.16,0.034,0.014,<0.001,0.23,0.018,0.29,0.06,0.08
1222,2011-02-06T12:00:00,2011-02-06T20:13,42,0.14 - 0.42 µm,3.951,0.0196,0.0805,0.024,0.0051,0.1587,0.1038,0.0267,0.2867,0.002,<0.0002,0.346,0.033,0.379,17.96,0.89,0.248,0.19,0.38,12.71,0.11,0.12,1.43,0.097,0.038,0.006,0.26,0.011,0.45,<0.0036,0.04
1223,2011-02-06T12:00:00,2011-02-06T20:13,42,0.42 - 1.2 µm,11.282,0.0949,0.0039,<0.0006,0.0173,0.3826,0.1398,0.0986,0.2134,0.005,<0.0002,0.276,0.004,0.28,106.92,8.63,0.226,0.52,2.52,117.49,0.12,0.23,1.51,0.144,0.089,0.026,1.87,0.177,2.78,0.23,0.28
1224,2011-02-06T12:00:00,2011-02-06T20:13,42,1.2 - 3.5 µm,70.723,1.098,0.0142,0.1066,0.1215,1.3416,1.6677,0.6323,0.966,0.0276,<0.0002,1.168,0.172,1.339,649.73,81.05,1.649,2.58,17.66,1009.22,0.79,0.79,3.87,0.734,0.101,0.039,10.89,1.922,19.76,5.83,2.54
1225,2011-02-06T12:00:00,2011-02-06T20:13,42,3.5 - 10 µm,43.477,1.392,0.0075,0.0774,0.1366,1.167,2.2353,0.275,0.7882,0.0183,0.0008,0.849,0.055,0.904,266.16,82.6,1.013,1.65,10.02,878.37,0.7,0.68,2.34,0.436,0.12,<0.001,5.12,1.939,15.7,5.96,1.72
1226,2011-02-06T20:43:00,2011-02-07T11:06,42,0.05 - 0.14 µm,0.767,<0.0006,0.0037,<0.0006,0.001,0.0943,0.011,0.009,0.0159,0.0005,<0.0002,0.19,0.019,0.209,6.56,0.46,0.061,0.19,0.09,5.36,0.03,0.05,0.64,0.015,0.009,<0.001,0.08,0.005,0.15,0.02,0.03
1227,2011-02-06T20:43:00,2011-02-07T11:06,42,0.14 - 0.42 µm,2.612,0.0023,0.0671,0.0041,0.0042,0.1329,0.0108,0.014,0.2418,0.0018,<0.0002,0.289,0.022,0.312,15.88,0.79,0.314,0.17,0.45,13.24,0.14,0.08,0.94,0.107,0.041,0.006,0.22,0.024,0.45,0.17,0.06
1228,2011-02-06T20:43:00,2011-02-07T11:06,42,0.42 - 1.2 µm,13.172,0.0982,0.0116,0.0122,0.0195,0.2656,0.1307,0.1394,0.2534,0.003,<0.0002,0.193,0.019,0.211,90.34,7.13,0.236,0.35,2.43,111.94,0.09,0.13,0.97,0.144,0.072,0.024,1.6,0.163,2.28,1.01,0.24
1229,2011-02-06T20:43:00,2011-02-07T11:06,42,1.2 - 3.5 µm,85.797,0.9632,0.0297,0.1153,0.1117,1.3305,1.6006,0.8813,0.9414,0.0414,<0.0002,1.034,0.173,1.206,623.11,59.2,1.656,1.26,16.41,995.64,0.55,0.66,2.77,0.876,0.283,0.04,11.37,2.266,15.69,10.23,2.37
1230,2011-02-06T20:43:00,2011-02-07T11:06,42,3.5 - 10 µm,56.241,1.2245,0.0133,0.0875,0.131,1.168,2.2508,0.4107,0.8791,0.0235,<0.0002,0.984,0.129,1.113,696.27,109.62,1.406,1.9,15.18,1218.8,0.92,0.76,2.24,1.279,0.258,<0.001,9.69,2.869,23.79,16.33,2.33
1231,2011-02-07T11:46:00,2011-02-07T19:14,42,0.05 - 0.14 µm,1.061,<0.0006,0.0019,<0.0006,0.0028,0.1581,0.0217,0.0171,0.0153,<0.0002,<0.0002,0.18,0.059,0.239,13.48,0.88,0.046,0.22,0.16,10.45,0.04,0.1,1.24,0.03,0.01,0.001,0.16,0.013,0.28,0.04,0.05
1232,2011-02-07T11:46:00,2011-02-07T19:14,42,0.14 - 0.42 µm,2.758,<0.0006,0.0271,<0.0006,0.0029,0.2074,0.0193,0.0238,0.0945,<0.0002,<0.0002,0.536,0.037,0.573,16.62,1.2,0.099,0.53,0.25,12.55,0.06,0.11,1.45,0.078,0.026,0.005,0.22,0.013,0.27,0.06,0.09
1233,2011-02-07T11:46:00,2011-02-07T19:14,42,0.42 - 1.2 µm,13.595,0.0811,0.0087,<0.0006,0.018,0.3045,0.1122,0.1436,0.1553,0.0014,<0.0002,0.474,0.039,0.512,120.22,2.27,0.19,0.53,2.25,67.59,0.06,0.16,1.45,0.082,0.069,0.024,2.06,0.095,2.28,<0.0036,0.32
1234,2011-02-07T11:46:00,2011-02-07T19:14,42,1.2 - 3.5 µm,69.828,0.929,0.0206,0.103,0.1147,1.2726,1.4215,0.8249,0.9526,0.0135,<0.0002,1.343,0.266,1.609,370.18,40.41,0.458,1.24,9.54,597.94,0.31,0.45,3.41,0.373,0.176,0.019,7.56,1.175,10.89,4.46,1.6
1235,2011-02-07T11:46:00,2011-02-07T19:14,42,3.5 - 10 µm,34.093,1.1084,0.0051,0.0485,0.1086,0.8488,1.8505,0.2372,0.6568,0.007,0.001,0.829,0.152,0.981,357.66,51.14,0.565,1.42,7.61,583.76,0.46,0.44,1.87,0.347,0.09,<0.001,6.01,1.276,12.02,4.71,1.24
1236,2011-02-07T19:32:00,2011-02-08T11:06,42,0.05 - 0.14 µm,0.573,<0.0006,0.0073,<0.0006,-0.0002,0.0301,0.0116,0.0083,0.0218,<0.0002,<0.0002,0.244,<0.010,0.248,5.04,0.26,0.052,0.07,0.03,1.72,0.03,<0.048,0.6,0.03,0.015,0.002,0.06,<0.0048,0.19,0.01,0.06
1237,2011-02-07T19:32:00,2011-02-08T11:06,42,0.14 - 0.42 µm,2.205,0.0059,0.0531,0.0067,0.0021,0.0613,0.0135,0.0151,0.1913,0.0082,<0.0002,0.372,0.1,0.472,13.85,0.87,0.209,0.14,0.29,14.01,0.08,0.06,0.83,0.092,0.032,0.004,0.27,0.023,0.47,0.05,0.03
1238,2011-02-07T19:32:00,2011-02-08T11:06,42,0.42 - 1.2 µm,13.17,0.0838,0.0128,0.0152,0.0155,0.1493,0.1067,0.1584,0.2359,0.0103,<0.0002,0.227,0.119,0.346,187.84,27.62,0.512,0.78,5.21,386.79,0.24,0.31,1.47,0.191,0.188,0.054,4.73,0.653,7.03,2.4,0.78
1239,2011-02-07T19:32:00,2011-02-08T11:06,42,1.2 - 3.5 µm,68.764,0.9418,0.0259,0.113,0.1041,0.7215,1.4064,1.0577,1.2847,0.0347,0.0005,0.769,0.033,0.802,1294.48,144.72,3.573,3.95,29.18,2332.18,1.58,1.57,5.03,2.193,0.217,0.094,29.28,5.034,38.89,18.44,4.81
1240,2011-02-07T19:32:00,2011-02-08T11:06,42,3.5 - 10 µm,36.913,0.7875,0.0105,0.065,0.0915,0.5399,1.4217,0.3676,0.965,0.0126,0.0008,0.507,0.09,0.597,562.45,69.4,0.827,1.34,10.05,806.35,0.53,0.58,1.79,0.751,<0.003,0.006,9.46,1.76,15.56,6.17,1.49
1241,2011-02-08T11:46:00,2011-02-09T11:07,42,0.05 - 0.14 µm,0.53,<0.0006,0.0084,<0.0006,0.0005,0.05,0.0075,0.0059,0.0216,<0.0002,<0.0002,0.078,<0.010,0.08,3.62,0.13,0.036,0.13,0.03,1.5,<0.0144,<0.048,0.41,0.014,0.004,<0.001,0.03,<0.0048,0.05,<0.0036,0.01
1242,2011-02-08T11:46:00,2011-02-09T11:07,42,0.14 - 0.42 µm,1.783,0.0062,0.1,0.0036,0.0031,0.0747,0.0082,0.0086,0.2806,0.0044,0.0004,0.104,0.034,0.138,8.39,0.49,0.202,0.12,0.19,8.21,0.08,0.05,0.59,0.079,0.027,0.006,0.14,0.014,0.26,0.03,0.03
1243,2011-02-08T11:46:00,2011-02-09T11:07,42,0.42 - 1.2 µm,5.15,0.0821,0.0142,0.0075,0.0133,0.1187,0.0773,0.0961,0.2389,0.0053,0.0003,0.228,0.034,0.262,42.03,2.16,0.089,0.19,0.74,34.16,0.03,0.06,0.6,0.054,0.04,0.015,0.67,0.04,0.81,0.08,0.11
1244,2011-02-08T11:46:00,2011-02-09T11:07,42,1.2 - 3.5 µm,29.635,0.5623,0.0129,0.0574,0.0767,0.4368,0.8619,0.7021,0.7544,0.0153,0.0004,0.33,0.008,0.338,347.92,16.33,0.592,0.57,5.71,285.67,0.19,0.24,1.29,0.261,0.038,0.037,5.19,0.427,5.76,0.94,0.72
1245,2011-02-08T11:46:00,2011-02-09T11:07,42,3.5 - 10 µm,17.862,0.8292,0.0045,0.0445,0.0756,0.3457,1.4326,0.3157,0.6238,0.0064,0.0006,0.309,0.07,0.379,205.43,23.09,0.318,0.49,3.39,267.69,0.17,0.19,0.71,0.21,0.029,0.002,3.08,0.523,4.89,1.92,0.57
1246,2011-02-09T11:40:00,2011-02-10T11:14,42,0.05 - 0.14 µm,0.242,<0.0006,0.0107,<0.0006,0.0004,0.0411,0.0071,0.005,0.0218,<0.0002,<0.0002,0.052,0.025,0.077,2.65,0.06,0.013,0.18,0.04,1.47,<0.0144,<0.048,0.11,0.009,0.004,<0.001,0.05,<0.0048,0.05,0.01,0.01
1247,2011-02-09T11:40:00,2011-02-10T11:14,42,0.14 - 0.42 µm,1.137,0.0048,0.0993,0.0025,0.002,0.0509,0.0076,0.0062,0.2554,0.0023,0.0004,0.11,<0.010,0.116,5.43,0.3,0.149,0.16,0.12,5.85,0.06,<0.048,0.29,0.096,0.033,0.009,0.12,0.007,0.16,0.02,0.02
1248,2011-02-09T11:40:00,2011-02-10T11:14,42,0.42 - 1.2 µm,2.581,0.0902,0.0098,0.0057,0.0117,0.0954,0.1003,0.0612,0.1622,0.005,<0.0002,0.211,0.047,0.258,23.77,0.33,0.045,0.05,0.36,10.85,0.02,<0.048,0.27,0.061,0.026,0.018,0.4,0.01,0.3,<0.0036,0.02
1249,2011-02-09T11:40:00,2011-02-10T11:14,42,1.2 - 3.5 µm,12.394,0.42,0.0061,0.0311,0.0686,0.2662,0.7247,0.4974,0.4703,0.0089,0.001,0.273,<0.010,0.275,189.48,3.69,0.233,0.27,2.26,89.84,0.05,0.1,0.93,0.051,0.042,0.047,2.84,0.099,1.81,<0.0036,0.27
1250,2011-02-09T11:40:00,2011-02-10T11:14,42,3.5 - 10 µm,7.957,0.815,0.0026,0.0336,0.0737,0.2043,1.4528,0.2347,0.3519,0.0029,0.0013,0.167,<0.010,0.174,74.82,5.68,0.104,0.13,0.87,69.14,0.05,0.06,0.37,0.02,0.028,0.001,1.25,0.117,1.2,0.27,0.15
1351,2011-02-10T11:42:00,2011-02-11T11:07,42,0.05 - 0.14 µm,0.029,0.002,0.0098,0.0022,0.0001,0.043,0.0118,0.0046,0.0129,<0.0002,<0.0002,0.065,0.012,0.077,0,<0.013,0,<0.0336,<0.0096,0,<0.0144,<0.048,0,0,<0.003,0,0,<0.0048,0,<0.0036,<0.006
1352,2011-02-10T11:42:00,2011-02-11T11:07,42,0.14 - 0.42 µm,0.556,0.0051,0.0636,<0.0006,0.0013,0.0708,0.0077,0.0034,0.2174,0.0015,<0.0002,0.157,<0.010,0.157,1.18,<0.013,0.074,0.17,<0.0096,0.46,0.03,<0.048,0.17,0.036,0.009,0.004,0.03,<0.0048,0.02,<0.0036,0.01
1353,2011-02-10T11:42:00,2011-02-11T11:07,42,0.42 - 1.2 µm,0.937,0.1316,0.0025,0.0007,0.0153,0.0278,0.1955,0.0322,0.0908,<0.0002,0.0004,0.007,<0.010,0.007,5.13,0.06,0.021,0.2,0.02,1.32,<0.0144,<0.048,0.18,0.021,0.022,0.024,0.12,0.02,0.04,0.01,0.02
1354,2011-02-10T11:42:00,2011-02-11T11:07,42,1.2 - 3.5 µm,5.384,0.9362,0.0043,0.0334,0.0866,0.0763,1.6399,0.1895,0.2529,0.0027,0.0014,0.034,<0.010,0.037,24.2,0.51,0.024,0.06,0.09,7.9,<0.0144,<0.048,0.73,0.033,0.087,0.038,0.54,0.014,0.02,<0.0036,0.02
1355,2011-02-10T11:42:00,2011-02-11T11:07,42,3.5 - 10 µm,4.468,0.8339,0.0023,0.0343,0.078,0.1176,1.5431,0.076,0.2167,0.0017,0.0013,0.025,0.01,0.035,18.48,1.07,0.019,0.1,0.1,12.93,<0.0144,<0.048,0.32,0.008,0.05,0.001,0.41,0.032,0.13,0.24,0.03
1356,2011-02-11T11:50:00,2011-02-14T12:23,42,0.05 - 0.14 µm,0.112,0.0014,0.0152,<0.0006,0.0036,0.0088,0.005,0.002,0.0377,<0.0002,<0.0002,0.022,<0.010,0.022,0.48,0.03,0.029,0.1,<0.0096,0.37,<0.0144,<0.048,0.04,0.006,0.003,0,0.01,<0.0048,0.01,<0.0036,0.01
1357,2011-02-11T11:50:00,2011-02-14T12:23,42,0.14 - 0.42 µm,0.688,0.0098,0.0504,0.0019,0.0068,0.0225,0.0081,0.0027,0.2189,0.005,0.0002,0.01,<0.010,0.01,1.31,0.1,0.326,0.04,0.04,2.31,0.14,<0.048,0.13,0.051,0.022,0.01,0.03,0.008,0.1,0.09,0.02
1358,2011-02-11T11:50:00,2011-02-14T12:23,42,0.42 - 1.2 µm,1.913,0.1328,0.0023,0.006,0.0161,0.0268,0.1465,0.0331,0.1574,0.0015,0.0004,0.021,<0.010,0.024,12.29,0.09,0.086,0.04,0.24,5.81,0.03,<0.048,0.15,0.042,0.015,0.03,0.26,0.01,0.17,0.01,0.03
1359,2011-02-11T11:50:00,2011-02-14T12:23,42,1.2 - 3.5 µm,9.671,1.1863,0.0034,0.0512,0.0788,0.1215,2.0222,0.4306,0.4265,0.0063,0.0023,0.057,<0.010,0.065,75.92,3.84,0.179,0.09,1.21,68.52,0.05,0.06,0.41,0.031,0.082,0.064,1.65,0.119,1.26,0.69,0.11
1360,2011-02-11T11:50:00,2011-02-14T12:23,42,3.5 - 10 µm,6.298,0.9457,0.0025,0.0407,0.0631,0.0961,1.7048,0.1697,0.2863,0.0011,0.0016,0.06,<0.010,0.06,33.19,2.04,0.052,0.06,0.34,26.76,0.02,<0.048,0.14,0.003,0.032,0.001,0.61,0.063,0.37,0.28,0.06
1361,2011-02-14T13:04:00,2011-02-15T11:09,42,0.05 - 0.14 µm,0.201,<0.0006,0.0086,<0.0006,0.0109,0.0336,0.0179,0.013,0.0306,0.0004,<0.0002,0.023,<0.010,0.023,1.18,<0.013,0.035,0.27,<0.0096,0.25,0.02,<0.048,0.13,0.004,0.003,<0.001,0.02,<0.0048,0.02,<0.0036,0.01
1362,2011-02-14T13:04:00,2011-02-15T11:09,42,0.14 - 0.42 µm,1.209,0.0137,0.0597,<0.0006,0.0197,0.062,0.0229,0.0086,0.3989,0.0093,0.0006,0.036,<0.010,0.038,1.23,<0.013,0.356,0.09,0.01,0.57,0.15,<0.048,0.18,0.018,0.012,0.003,0.03,<0.0048,0.06,0.01,0.01
1363,2011-02-14T13:04:00,2011-02-15T11:09,42,0.42 - 1.2 µm,1.922,0.2404,0.001,0.0063,0.0398,0.0492,0.3354,0.0646,0.1681,0.0035,0.0008,0.008,<0.010,0.009,7.24,0.03,0.058,0.09,0.02,0.98,0.03,<0.048,0.2,0.01,0.013,0.026,0.17,<0.0048,0.04,0.01,0.02
1364,2011-02-14T13:04:00,2011-02-15T11:09,42,1.2 - 3.5 µm,10.272,1.9346,0.0045,0.0727,0.1808,0.2061,3.1977,0.5051,0.4218,0.0089,0.0031,0.179,<0.010,0.179,57.49,0.44,0.035,0.04,0.14,7.19,<0.0144,<0.048,0.81,0.017,0.011,0.054,1.12,0.008,<0.0048,<0.0036,0.04
1365,2011-02-14T13:04:00,2011-02-15T11:09,42,3.5 - 10 µm,8.087,1.2339,0.0053,0.0497,0.1363,0.1337,2.1803,0.2054,0.2318,0.0017,0.0021,0.144,0.018,0.162,32.42,1.35,0.028,0.08,0.13,17.33,<0.0144,<0.048,0.31,0.009,<0.003,<0.001,0.67,0.024,0.22,<0.0036,0.07
1366,2011-02-15T11:40:00,2011-02-16T11:08,42,0.05 - 0.14 µm,0.147,0.0395,0.0058,0.0064,0.0112,0.0344,0.0629,0.0052,0.0213,<0.0002,<0.0002,0.069,<0.010,0.075,1.1,0.02,0.014,0.27,<0.0096,0.12,<0.0144,<0.048,0.12,0.009,<0.003,0.001,0.02,<0.0048,0.02,<0.0036,0.01
1367,2011-02-15T11:40:00,2011-02-16T11:08,42,0.14 - 0.42 µm,1.381,0.1151,0.0636,0.0055,0.0164,0.0454,0.1805,0.0054,0.2951,<0.0002,<0.0002,0.084,0.017,0.101,1.2,0.02,0.239,0.1,0.01,0.35,0.12,<0.048,0.17,0.017,0.02,0.01,0.02,<0.0048,0.03,0.02,0.02
1368,2011-02-15T11:40:00,2011-02-16T11:08,42,0.42 - 1.2 µm,1.611,0.2192,0.0063,0.0032,0.0254,0.0324,0.2965,0.0353,0.1443,<0.0002,0.0004,0.094,<0.010,0.094,6.12,0.09,0.051,0.18,0.02,1.24,0.03,<0.048,0.18,0.015,0.019,0.025,0.15,0.008,0.05,0.04,0.01
1369,2011-02-15T11:40:00,2011-02-16T11:08,42,1.2 - 3.5 µm,6.585,1.4521,0.0048,0.0571,0.1285,0.1185,2.4068,0.3276,0.3727,0.0063,0.0019,0.136,<0.010,0.136,37.74,0.23,<0.0036,0.04,0.01,3.86,<0.0144,<0.048,0.75,0.028,0.096,0.045,0.85,0.025,<0.0048,<0.0036,0
1370,2011-02-15T11:40:00,2011-02-16T11:08,42,3.5 - 10 µm,5.464,1.1404,0.0035,0.046,0.1045,0.0906,2.0644,0.1465,0.26,<0.0002,0.0016,0.038,0.043,0.081,25.49,0.12,0.013,0.05,0.02,2.15,<0.0144,<0.048,0.29,0.014,0.044,0.003,0.62,0.067,0.03,<0.0036,
1371,2011-02-16T11:38:00,2011-02-17T11:10,42,0.05 - 0.14 µm,0.228,0.0065,0.0035,<0.0006,0.0077,0.0223,0.0202,0.005,0.014,<0.0002,<0.0002,0.139,<0.010,0.145,1.07,0.05,0.007,<0.0336,<0.0096,0.14,<0.0144,<0.048,0.13,0.01,<0.003,0,0.02,<0.0048,0.1,<0.0036,0.01
1372,2011-02-16T11:38:00,2011-02-17T11:10,42,0.14 - 0.42 µm,1.091,0.0407,0.0563,0.0143,0.0177,0.0549,0.0662,0.0064,0.341,0.0039,<0.0002,0.124,<0.010,0.124,0.88,0.02,0.101,0.04,0.01,0.24,0.06,<0.048,0.13,0.012,0.005,0.002,0.01,<0.0048,0.03,<0.0036,0.01
1373,2011-02-16T11:38:00,2011-02-17T11:10,42,0.42 - 1.2 µm,0.857,0.1343,0.0012,0.0057,0.0225,0.0409,0.1403,0.025,0.1728,0.0017,0.0003,0.029,<0.010,0.034,3.85,0.03,0.067,0.09,<0.0096,0.13,<0.0144,<0.048,0.14,0.014,0.007,0.026,0.1,<0.0048,0.03,<0.0036,<0.006
1374,2011-02-16T11:38:00,2011-02-17T11:10,42,1.2 - 3.5 µm,4.75,1.0927,0.004,0.045,0.1025,0.0994,1.8182,0.2668,0.2835,0.005,0.0011,0.08,0.02,0.1,23.04,0.08,0.009,0.13,<0.0096,1.03,<0.0144,<0.048,0.76,0.005,0.011,0.012,0.56,0.014,<0.0048,<0.0036,<0.006
1375,2011-02-16T11:38:00,2011-02-17T11:10,42,3.5 - 10 µm,4.724,0.9469,0.0028,0.0352,0.091,0.0784,1.6933,0.1271,0.2015,<0.0002,0.0009,0.128,0.015,0.143,13.03,0.08,<0.0036,<0.0336,<0.0096,1.17,<0.0144,<0.048,0.28,0.005,<0.003,<0.001,0.33,0.007,<0.0048,<0.0036,<0.006
1376,2011-02-17T11:39:00,2011-02-18T11:20,42,0.05 - 0.14 µm,0.203,0.0155,0.0034,0.0041,0.0124,0.0391,0.0326,0.0056,0.0231,0.0003,<0.0002,0.065,<0.010,0.066,0.95,0.03,0.007,<0.0336,0.01,0.1,<0.0144,<0.048,0.11,0.002,<0.003,<0.001,0.02,<0.0048,0.03,0.01,0.01
1377,2011-02-17T11:39:00,2011-02-18T11:20,42,0.14 - 0.42 µm,1.269,0.0031,0.052,0.0001,0.0236,0.0475,0.0307,0.0077,0.3761,0.0057,<0.0002,<0.020,<0.010,0.004,0.81,0.02,0.21,0.09,0.01,0.42,0.08,<0.048,0.13,0.012,0.006,0.004,0.02,<0.0048,0.05,0.01,0.02
1378,2011-02-17T11:39:00,2011-02-18T11:20,42,0.42 - 1.2 µm,0.885,0.0969,0.0022,0.0021,0.0224,0.0389,0.0797,0.0274,0.1496,0.0014,<0.0002,<0.020,<0.010,0.004,3.04,0.05,0.065,0.12,<0.0096,0.48,0.02,<0.048,0.14,0.009,0.01,0.032,0.07,<0.0048,0.05,0.01,<0.006
1379,2011-02-17T11:39:00,2011-02-18T11:20,42,1.2 - 3.5 µm,4.291,0.7806,0.0077,0.0235,0.0916,0.0792,1.279,0.288,0.2063,0.0043,<0.0002,<0.020,<0.010,0.018,20.3,0.06,<0.0036,<0.0336,<0.0096,1.37,<0.0144,<0.048,0.7,0.025,0.008,0.054,0.46,0.006,,<0.0036,<0.006
1380,2011-02-17T11:39:00,2011-02-18T11:20,42,3.5 - 10 µm,4.755,0.8939,0.0033,0.0315,0.0985,0.0794,1.5807,0.1785,0.2076,0.0006,<0.0002,<0.020,<0.010,0.014,20.79,0.14,0.004,<0.0336,<0.0096,2.1,<0.0144,<0.048,0.29,0.013,0.006,0.005,0.54,<0.0048,,<0.0036,<0.006
1386,2011-02-19T13:45:00,2011-02-21T11:13,42,0.05 - 0.14 µm,0.111,<0.0006,0.0037,<0.0006,0.0058,0.0178,0.0042,0.0027,0.0218,0.0002,<0.0002,0.036,<0.010,0.036,1.02,0.06,0.02,<0.0336,<0.0096,0.21,<0.0144,<0.048,0.13,0.008,0.003,0.001,0.02,<0.0048,0.01,0.01,0.01
1387,2011-02-19T13:45:00,2011-02-21T11:13,42,0.14 - 0.42 µm,1.088,0.0093,0.0591,<0.0006,0.0115,0.026,0.0087,0.0033,0.3227,0.0056,<0.0002,<0.020,<0.010,0.002,1.08,0.03,0.298,0.05,0.01,0.52,0.15,<0.048,0.15,0.021,0.012,0.002,0.02,<0.0048,0.04,0.01,0.01
1388,2011-02-19T13:45:00,2011-02-21T11:13,42,0.42 - 1.2 µm,2.058,0.15,0.0019,0.0072,0.0254,0.0295,0.2104,0.0374,0.1037,0.0006,<0.0002,<0.020,<0.010,0.002,8.52,0.27,0.087,0.1,0.07,4.26,0.05,<0.048,0.19,0.017,0.012,0.034,0.17,<0.0048,0.13,0.02,0.03
1389,2011-02-19T13:45:00,2011-02-21T11:13,42,1.2 - 3.5 µm,10.869,1.7759,0.0087,0.0574,0.1415,0.1457,3.0823,0.4961,0.5493,0.0113,<0.0002,0.096,<0.010,0.096,67.18,1.46,0.056,0.14,0.44,23.5,0.02,<0.048,0.77,0.023,0.012,0.078,1.02,0.025,0.44,<0.0036,0.07
1390,2011-02-19T13:45:00,2011-02-21T11:13,42,3.5 - 10 µm,8.551,1.4917,0.0071,0.0522,0.1236,0.1408,2.671,0.2636,0.4407,0.0026,<0.0002,0.066,<0.010,0.071,37.17,3.14,0.042,0.13,0.36,40.39,0.03,<0.048,0.36,0.006,0.02,0.005,0.73,0.068,0.57,0.1,0.05
1391,2011-02-21T11:39:00,2011-02-22T11:08,42,0.05 - 0.14 µm,0.298,0.0031,0.0131,0.0007,0.01,0.0432,0.0253,0.0053,0.0373,0.0005,<0.0002,<0.020,<0.010,0,2.17,0.06,0.081,0.14,<0.0096,0.4,0.03,<0.048,0.03,0.014,0.004,<0.001,0.02,<0.0048,0.06,0.03,0.03
1392,2011-02-21T11:39:00,2011-02-22T11:08,42,0.14 - 0.42 µm,1.336,0.0141,0.0618,<0.0006,0.0193,0.0478,0.0173,0.0056,0.3336,0.0008,<0.0002,<0.020,<0.010,0.014,0.77,<0.013,0.361,0.04,0.01,0.34,0.22,<0.048,0.1,0.02,0.017,0.004,0.02,<0.0048,0.07,0.02,0.02
1393,2011-02-21T11:39:00,2011-02-22T11:08,42,0.42 - 1.2 µm,3.173,0.2421,0.008,0.0075,0.0397,0.063,0.3317,0.0643,0.198,0.0011,<0.0002,<0.020,<0.010,0.015,9.33,0.11,0.118,0.06,0.05,2.17,0.04,<0.048,0.15,0.032,0.021,0.029,0.2,0.012,0.09,0.04,0.01
1394,2011-02-21T11:39:00,2011-02-22T11:08,42,1.2 - 3.5 µm,17.204,2.2765,0.0126,0.0844,0.2038,0.3654,3.9959,0.7729,0.8299,0.0192,<0.0002,0.133,<0.010,0.133,52.88,0.85,0.058,0.04,0.2,14.45,<0.0144,<0.048,0.4,0.006,0.056,0.056,0.86,0.017,0.2,0.07,0.03
1395,2011-02-21T11:39:00,2011-02-22T11:08,42,3.5 - 10 µm,15.298,2.2545,0.0068,0.0809,0.1852,0.3751,4.0968,0.3409,0.6851,0.0071,<0.0002,0.163,<0.010,0.163,44.96,3.37,0.069,0.31,0.3,43.95,0.09,<0.048,0.22,0.016,0.032,0.005,0.82,0.082,0.42,0.25,0.14
1396,2011-02-22T11:39:00,2011-02-23T12:13,42,0.05 - 0.14 µm,0.129,<0.0006,0.0169,<0.0006,0.001,0.0214,0.0094,0.0066,0.0403,0.0006,<0.0002,<0.020,<0.010,0.025,1.1,0.03,0.109,0.05,<0.0096,0.14,0.03,<0.048,0.11,0.008,0.004,<0.001,0.02,<0.0048,0.02,0.01,0.02
1397,2011-02-22T11:39:00,2011-02-23T12:13,42,0.14 - 0.42 µm,0.92,0.0114,0.1373,0.0003,0.0036,0.0637,0.0129,0.0065,0.4583,0.0029,0.0011,0.033,<0.010,0.033,1.49,0.04,0.724,0.23,0.01,0.85,0.29,<0.048,0.18,0.065,0.043,0.012,0.03,<0.0048,0.1,0.02,0.1
1398,2011-02-22T11:39:00,2011-02-23T12:13,42,0.42 - 1.2 µm,3.165,0.1102,0.0062,0.0118,0.0298,0.0924,0.1975,0.0778,0.177,0.0024,0.0018,0.013,<0.010,0.014,17.83,1.35,0.144,0.25,0.18,17.4,0.04,<0.048,0.27,0.034,0.032,0.034,0.37,0.025,0.26,0.11,0.08
1399,2011-02-22T11:39:00,2011-02-23T12:13,42,1.2 - 3.5 µm,18.443,2.561,0.0047,0.0859,0.2171,0.2937,4.3665,0.7678,0.8608,0.033,0.004,0.23,0.2,0.43,186.25,3.54,0.234,0.25,0.92,58.74,0.03,0.06,0.86,0.015,0.056,0.104,1.94,0.098,0.77,<0.0036,0.19
1400,2011-02-22T11:39:00,2011-02-23T12:13,42,3.5 - 10 µm,14.253,0.7818,0.0084,0.0673,0.151,0.1903,1.6322,0.2787,0.5532,0.01,0.0024,0.176,<0.010,0.176,175.05,7.55,0.225,0.26,1.15,95.79,0.06,0.07,0.45,0.045,0.059,0.013,1.8,0.199,0.93,0.22,0.31
1536,2011-02-23T12:39:00,2011-02-24T11:08,42,0.05 - 0.14 µm,0.095,<0.0006,0.0204,<0.0006,0.0007,0.0903,0.0041,0.0101,0.0484,0.0015,0.0006,0.081,<0.010,0.081,1.43,0.03,0.122,<0.0336,<0.0096,0.37,0.05,<0.048,0.12,0.008,0.006,0.001,0.02,<0.0048,0.06,0.01,0.02
1537,2011-02-23T12:39:00,2011-02-24T11:08,42,0.14 - 0.42 µm,1.125,0.0113,0.1857,0.0016,0.0025,0.08,0.0059,0.0064,0.612,0.0037,0.0008,0.114,0.015,0.128,1.72,0.11,0.547,0.09,0.01,1.54,0.23,<0.048,0.18,0.086,0.029,0.009,0.03,<0.0048,0.12,0.03,0.09
1538,2011-02-23T12:39:00,2011-02-24T11:08,42,0.42 - 1.2 µm,5.669,0.2554,0.0031,0.0113,0.0283,0.1231,0.2471,0.0465,0.3699,0.0016,0.0003,0.116,0.015,0.131,26.59,1.1,0.174,0.3,0.28,17.31,0.06,<0.048,0.33,0.155,0.053,0.06,0.47,0.02,0.35,0.02,0.09
1539,2011-02-23T12:39:00,2011-02-24T11:08,42,1.2 - 3.5 µm,22.905,2.4559,0.0086,0.098,0.2246,0.3053,4.0886,0.8567,0.9235,0.0428,0.004,0.207,<0.010,0.213,225.53,8.83,0.339,0.34,1.64,126.64,0.06,0.1,0.97,0.075,0.099,0.107,2.7,0.217,1.88,0.41,0.33
1540,2011-02-23T12:39:00,2011-02-24T11:08,42,3.5 - 10 µm,15.813,1.1571,0.0095,0.0654,0.151,0.1767,2.0857,0.2904,0.4723,0.0117,0.0021,0.221,<0.010,0.228,195.54,10.06,0.245,0.23,1.3,125.9,0.07,0.08,0.48,0.053,0.056,0.008,2.19,0.263,2.01,0.54,0.31
1541,2011-02-24T11:39:00,2011-02-25T12:40,42,0.05 - 0.14 µm,0.203,0.0014,0.0296,<0.0006,0.0014,0.0287,0.0094,0.0066,0.0761,0.0012,<0.0002,0.049,<0.010,0.049,1.83,0.06,0.116,0.06,<0.0096,0.49,0.03,<0.048,0.12,0.022,0.009,0.001,0.03,<0.0048,0.02,0.02,0.01
1542,2011-02-24T11:39:00,2011-02-25T12:40,42,0.14 - 0.42 µm,1.79,0.0109,0.1426,0.0062,0.0053,0.066,0.0083,0.0067,0.5071,0.0047,0.0007,0.065,0.036,0.101,1.9,0.06,0.887,0.13,0.03,1.84,0.33,<0.048,0.3,0.455,0.057,0.022,0.04,<0.0048,0.16,0.02,0.06
1543,2011-02-24T11:39:00,2011-02-25T12:40,42,0.42 - 1.2 µm,8.538,0.2545,0.008,0.0211,0.0356,0.1858,0.2721,0.1296,0.471,0.0052,<0.0002,0.072,<0.010,0.073,30.16,1.17,0.275,0.14,0.61,21.54,0.07,<0.048,0.61,0.593,0.099,0.059,0.58,0.024,0.46,0.08,0.13
1544,2011-02-24T11:39:00,2011-02-25T12:40,42,1.2 - 3.5 µm,39.315,2.0014,0.0151,0.1041,0.176,0.2183,3.1729,1.2231,0.839,0.0602,0.0026,0.385,0.015,0.4,238.97,10.35,0.436,0.4,3.08,163.11,0.09,0.13,1.12,0.128,0.113,0.103,3.22,0.271,2.5,0.6,0.55
1545,2011-02-24T11:39:00,2011-02-25T12:40,42,3.5 - 10 µm,27.353,1.5929,0.0075,0.0931,0.1606,0.2171,2.874,0.4951,0.7015,0.0254,0.0042,0.251,0.02,0.27,213.41,26.49,0.234,0.53,2.68,294.87,0.18,0.18,0.79,0.143,0.076,0.01,2.94,0.628,5.08,2.87,0.62
1546,2011-02-25T13:28:00,2011-02-26T13:17,42,0.05 - 0.14 µm,0.146,<0.0006,0.0109,<0.0006,0.0009,0.0785,0.0082,0.0067,0.0289,0.001,<0.0002,0.044,<0.010,0.044,2.22,0.1,0.194,0.16,0.02,1.42,0.08,<0.048,0.12,0.031,0.012,0.003,0.04,<0.0048,0.09,0.01,0.02
1547,2011-02-25T13:28:00,2011-02-26T13:17,42,0.14 - 0.42 µm,0.768,0.0095,0.0705,0.0033,0.0018,0.0646,0.0195,0.0077,0.2441,0.0024,0.0007,0.065,<0.010,0.065,7.43,1.68,0.991,0.14,0.24,21.99,0.36,<0.048,0.35,0.57,0.101,0.036,0.19,0.031,0.81,0.27,0.15
1548,2011-02-25T13:28:00,2011-02-26T13:17,42,0.42 - 1.2 µm,2.775,0.1027,0.0058,0.0052,0.0199,0.1255,0.1626,0.0267,0.1868,0.0014,0.0007,<0.020,<0.010,0.02,64.37,2.92,0.327,0.13,1.48,60.53,0.1,0.06,0.46,1.156,0.129,0.087,1.07,0.07,1,<0.0036,0.2
1549,2011-02-25T13:28:00,2011-02-26T13:17,42,1.2 - 3.5 µm,12.217,1.1459,0.0029,0.04,0.0996,0.1062,1.9211,0.4184,0.2047,0.0033,0.0013,0.211,<0.010,0.215,592.96,45.45,0.993,1.36,10.14,666.52,0.3,0.41,1.64,1.065,0.042,0.167,8.69,1.168,12.16,5.34,1.93
1550,2011-02-25T13:28:00,2011-02-26T13:17,42,3.5 - 10 µm,8.745,0.9464,0.0036,0.0369,0.0932,0.0896,1.6521,0.1677,0.2425,0.0063,0.0012,0.157,<0.010,0.159,581.04,45.71,0.676,0.87,7.27,551.85,0.25,0.34,1.06,0.577,0.014,0.009,6.59,1.2,10.99,4.62,1.26
1551,2011-02-26T14:15:00,2011-02-28T12:45,42,0.05 - 0.14 µm,0.033,<0.0006,0.0041,<0.0006,0.0005,0.0347,0.0049,0.004,0.0268,0.0005,<0.0002,<0.020,<0.010,0.015,0.82,0.04,0.005,0.08,0.02,4.68,<0.0144,<0.048,0.06,0.004,<0.003,<0.001,0.01,<0.0048,0.01,0.01,0.01
1552,2011-02-26T14:15:00,2011-02-28T12:45,42,0.14 - 0.42 µm,0.134,0.0129,0.0011,0.006,0.0009,0.0312,0.0224,0.0044,0.0065,0.0008,<0.0002,0.035,<0.010,0.039,0.58,0.03,0.033,0.05,<0.0096,0.36,0.02,<0.048,0.07,0.009,0.003,<0.001,0.01,<0.0048,0.01,<0.0036,0.01
1553,2011-02-26T14:15:00,2011-02-28T12:45,42,0.42 - 1.2 µm,0.33,0.019,0.0007,<0.0006,0.0024,0.0292,0.0321,0.0071,0.0212,0.0005,0.0336,<0.020,<0.010,0.005,2.39,0.21,0.012,0.05,0.04,2.8,<0.0144,<0.048,0.07,0.009,0.004,0.006,0.05,<0.0048,0.03,0.01,0.01
1554,2011-02-26T14:15:00,2011-02-28T12:45,42,1.2 - 3.5 µm,1.264,0.1431,0.0009,0.0037,0.0158,0.057,0.28,0.0339,0.031,0.0005,<0.0002,0.05,0.015,0.064,13.21,0.4,0.013,<0.0336,0.11,5.91,<0.0144,<0.048,0.37,0.009,0.005,0.008,0.17,0.007,0.05,<0.0036,0.02
1555,2011-02-26T14:15:00,2011-02-28T12:45,42,3.5 - 10 µm,0.93,0.1174,0.0009,0.0037,0.0118,0.0475,0.2155,0.0133,0.0309,0.0006,0,0.027,<0.010,0.031,,,,,,,,,,,,,,,,,
